who,what,isCopy2,pub,pubnum,year,discogs_url
Various,Appetizers,0,Warner Brothers,,,https://www.discogs.com/Various-Appetizers/release/7236735
The Eleventh House with Larry Coryell ,Introducing,0,Vanguard,VSD79342,,https://www.discogs.com/The-Eleventh-House-With-Larry-Coryell-Introducing-The-Eleventh-House/master/39735
Various ,Ktel 20 Explosive Original Hits,0,,TU220,,https://www.discogs.com/Various-20-Explosive-Hits/master/553366
Various ,Midnight Hustle,0,TeeVee Records,,,https://www.discogs.com/Various-Midnight-Hustle/master/1268286
Cat Stevens ,Mona Bone Jakon,1,,SP4260,,https://www.discogs.com/Cat-Stevens-Mona-Bone-Jakon/release/10926349
T Rex,Electric Warrior,0,Reprise,6466,,http://discogs.com//T-Rex-Electric-Warrior/release/7476138
Chick Corea ,Before Forever,0,Quintessence,,,http://discogs.com//Chick-Corea-Before-Forever/release/2481476
John Coltrane ,Coltrane,0,Prestige,OJC-020 P-7105,,http://discogs.com//John-Coltrane-Coltrane/release/780422
The Sunshine Terrace Swing Band ,Swing Disco,0,Pickwick,SPC3674,,http://discogs.com//The-Sunshine-Terrace-Swing-Band-Swing-Disco/release/2081192
The Pop Singers and Orchestra,Themes from Hit TV Shows vol2,0,Peter Pan,,,https://www.discogs.com/The-Pop-Singers-And-Orchestra-Themes-From-Hit-TV-Shows-Vol-2/release/1392366
Rhythm Devils ,The Apocalypse Now Sessons,0,,PB 9844,,http://discogs.com//Rhythm-Devils-The-Apocalypse-Now-Sessions/release/1760887
BB King ,The Best Of,0,MCA Records,,,
Various ,Rock Explosion,0,Majestic,TA347,,http://discogs.com//Various-Rock-Explosion/release/5904610
Rites of Spring ,Rites of Spring,0,Dischord,,,http://discogs.com//Rites-Of-Spring-Rites-Of-Spring/release/437153
Pia Beck ,The Best of Pia Beck,0,,,,http://discogs.com//Pia-Beck-The-Best-Of-Pia-BeckPia-Beck-Trio/release/8375220
The Mills Brothers ,Great Hits,0,Dot Records,,,http://discogs.com//The-Mills-Brothers-Great-Hits/release/1961813
The Dave Brubeck Quartet ,Time Out,0,Coronet,,,http://discogs.com//The-Dave-Brubeck-Quartet-Time-Out/release/10872127
Cannonball Adderley ,The Best Of,0,Capitol,,,http://discogs.com//Cannonball-Adderley-Quintet-The-Best-Of-Cannonball-Adderley/release/1052006
Van Morrison ,Moondance,0,,BSK3103,,http://discogs.com//Van-Morrison-Moondance/release/3854461
Roy Orbison ,Golden Hits,0,,BBS1015,,http://discogs.com//Roy-Orbison-Roy-Orbisons-Golden-Hits/release/6074860
Various ,20 Fantastic Hits by the Original Artists,0,Arcade Records,,,http://discogs.com//Various-20-Fantastic-Hits-By-The-Original-Artists/release/1955039
Charles Mingus ,Charlie Mingus,0,Amiga Jazz,,,http://discogs.com//Charlie-Mingus-Charlie-Mingus/release/1525105
Various ,Ktel Stars,0,K-Tel,TU 2530,1977,https://www.discogs.com/Various-Stars/release/3027213
7 Seconds ,Walk Together Rock Together,0,,,,http://discogs.com//7-Seconds-Walk-Together-Rock-Together/release/3433902
ABBA ,ABBA,0,,,,http://discogs.com//ABBA-ABBA/release/11686750
Acting Trio ,Actuel 14,0,,,,http://discogs.com//Acting-Trio-Acting-Trio/release/516112
Ahmad Jamal ,Happy Moods,0,,,,http://discogs.com//Ahmad-Jamal-Happy-Moods/release/11919563
Alice Coltrane n Carlos Santana ,Illuminations,0,,,,http://discogs.com//Devadip-Carlos-Santana-Turiya-Alice-Coltrane-Illuminations/release/2008102
Anita Bryant ,Mine Eyes Have Seen the Glory,0,,,,http://discogs.com//Anita-Bryant-Mine-Eyes-Have-Seen-The-Glory/release/3901725
Arlo Guthrie ,Washington County,0,,,,http://discogs.com//Arlo-Guthrie-Washington-County/release/10408033
Ary Cordovil ,The Voice of Ary Cordovil Brazil Now,0,,,,http://discogs.com//Ary-Cordovil-The-Voice-Of-Ary-Cordovil-Brazil-Now/release/7535461
Asleep at the Wheel ,Collision Course,0,,SW-11726,,http://discogs.com//Asleep-At-The-Wheel-Collision-Course/release/6871813
Astrud Gilberto ,Look to the Rainbow,0,,V/V-6-8643,,http://discogs.com//Astrud-Gilberto-Look-To-The-Rainbow/release/2516964
A Taste of Honey ,A Taste of Honey,0,,,,http://discogs.com//A-Taste-Of-Honey-A-Taste-Of-Honey/release/509748
Bach ,Magnificat in D and Cantata no 51,0,Nonesuch,H-71011,,http://discogs.com//J-S-Bach-Magnificat-In-D-Cantata-No-51/release/2485892
Bartok Fritz Reiner ,Concerto for Orchestra,0,,,,http://discogs.com//Bart%C3%B3k-Fritz-Reiner-Chicago-Symphony-Concerto-For-Orchestra/release/2044399
BB King ,Easy Listening Blues,0,United Records and Tapes,7705,,http://discogs.com//BB-King-Easy-Listening-Blues/release/4840307
Bennie Maupin ,Slow Traffic to the Right,0,,,,http://discogs.com//Bennie-Maupin-Slow-Traffic-To-The-Right/release/1051596
Benny Goodman ,Meeting at the Summit,0,,,,http://discogs.com//Benny-Goodman-Meeting-At-The-Summit/release/4709779
Bernstein ,Shostakovich 5th Symphony,0,,,,http://discogs.com//Shostakovich-Leonard-BernsteinNew-York-Philharmonic-Orchestra-Shostakovich-5th-Symphony/release/4684395
Bessie Smith ,Any Womans Blues,0,Columbia,G 30126,,http://discogs.com//Bessie-Smith-Any-Womans-Blues/release/10139171
Big Brother and the Holding Company ,Cheap Thrills,0,Columbia,PC 9700,,http://discogs.com//Big-Brother-The-Holding-Company-Cheap-Thrills/release/8318736
Bill Cosby ,Bill Cosby is a Very Funny Fellow Right,0,,,,http://discogs.com//Bill-Cosby-Bill-Cosby-Is-A-Very-Funny-Fellow-Right/release/3253009
Bill Doggett ,Fingertips,0,Columbia,Mono CL 2082,,http://discogs.com//Bill-Doggett-And-His-Combo-Fingertips/release/3378587
Billy Bragg ,Brewing Up With Billy Bragg,0,,,,http://discogs.com//Billy-Bragg-Brewing-Up-With-Billy-Bragg/release/836088
Billy Bragg ,Live and Dubious Help Save the Youth of America,0,,,,http://discogs.com//Billy-Bragg-Help-Save-The-Youth-Of-America-EP-Live-And-Dubious/release/2070385
Black Flag ,Damaged,0,,,,http://discogs.com//Black-Flag-Damaged/release/11184680
Black Flag ,Everything Went Black,0,SST,S 015,,http://discogs.com//Greg-Ginn-Chuck-Dukowski-Dez-Cadena-Robo-3-Chavo-Pederast-Johnny-Bob-Goldstein-Everything-Went-Black/release/1143204
Black Sabbath ,Greatest Hits,0,,NEL 6009,,http://discogs.com//Black-Sabbath-Greatest-Hits/release/383038
Black Sabbath ,Master of Reality,0,,,,http://discogs.com//Black-Sabbath-Master-Of-Reality/release/3933344
Blind Faith ,Blind Faith,0,,SD 33-304B,,http://discogs.com//Blind-Faith-Blind-Faith/release/8589676
Bobbie Gentry ,Ode to Billie Joe,0,,,,http://discogs.com//Bobbie-Gentry-Ode-To-Billie-Joe/release/785044
Bobby Vinton ,All Time Greatest Hits,0,EPIC,KEG 31487,,http://discogs.com//Bobby-Vinton-Bobby-Vintons-All-Time-Greatest-Hits/release/2444207
Bob Dylan and the Band ,The Basement Tapes,0,,C2 33682,,http://discogs.com//Bob-Dylan-The-Band-The-Basement-Tapes/release/2012979
Bob Dylan ,Greatest Hits Vol II,0,,PG 31120 Stereo,,http://discogs.com//Bob-Dylan-Greatest-Hits-Volume-II/release/1807090
Bob Newhart ,The Buttondown Mind of Bob Newhart,0,,W 1379,,http://discogs.com//Bob-Newhart-The-Button-Down-Mind-Of-Bob-Newhart/release/1343341
Boss Hog,Drinkin Lechin and Lyin,0,Amphetamine Reptile Records,ARR89176-1,1994,https://www.discogs.com/label/5126-Amphetamine-Reptile-Records
Boston Pops,Good Music to Have Fun With,0,,,,http://discogs.com//Arthur-Fiedler--Boston-Pops-Good-Music-To-Have-Fun-With/release/9432185
Bruce Springsteen ,Born in the USA,0,,,,http://discogs.com//Bruce-Springsteen-Born-In-The-USA/master/26701
Bruce Springsteen ,Born to Run,0,,,,https://www.discogs.com/Bruce-Springsteen-Born-To-Run/release/5601916
Bruce Springsteen ,Darkness on the Edge of Town,0,,,,http://discogs.com//Bruce-Springsteen-Darkness-On-The-Edge-Of-Town/release/3012371
Bruce Springsteen ,Nebraska copy2,1,,,,http://discogs.com//Bruce-Springsteen-Nebraska/release/3073230
Bruce Springsteen ,Nebraska,0,,,,http://discogs.com//Bruce-Springsteen-Nebraska/release/648676
Bruce Springsteen ,The Wild The Innocent and the E Street Shuffle,0,,,,http://discogs.com//Bruce-Springsteen-The-WildInnocent-The-E-Street-Shuffle/release/2582014
Buddy Rich ,Rich in London,0,,,,http://discogs.com//Buddy-Rich-Rich-In-London/release/1898523
Buffalo Springfield ,Buffalo Springfield inner,0,,,,http://discogs.com//Buffalo-Springfield-Buffalo-Springfield/release/1319791
Buffalo Springfield ,Buffalo Springfield,0,,,,http://discogs.com//Buffalo-Springfield-Buffalo-Springfield/release/4827398
Burgess Meredith ,Everyman A Moral Play,0,,,,http://discogs.com//Burgess-Meredith-Howard-O-Sackler-Everyman-A-Moral-Play/release/5240749
Carole King ,Tapestry,0,,ODE SP 77099,,http://discogs.com//Carole-King-Tapestry/release/1395530
Casals ,Dvorak Violoncello Concerto in B Minor Op 194,0,,,,
Cat Stevens ,Buddha and the Chocolate Box,0,,,,
Cat Stevens ,Greatest Hits,0,,,,
Cat Stevens ,Tea for the Tillerman,0,,,,
Charles Mingus ,At the Bohemia,0,,OJC-045,,http://discogs.com//Charles-Mingus-Mingus-At-The-Bohemia/release/2851665
Charles Mingus ,Mingus Ah Um,0,,67464,,http://discogs.com//Charles-Mingus-Mingus-Ah-Um/release/2406012
Charles Mingus ,Mingus Mingus Mingus disc,0,,,,
Charles Mingus ,Mingus Mingus Mingus,0,,,,
Charles Mingus Quintet and Max Roach ,The Charlie Mingus Quintet Plus Max Roach,0,,OJC-440,,http://discogs.com//The-Charles-Mingus-Quintet-Max-Roach-The-Charles-Mingus-Quintet-Max-Roach/release/4368867
Charles Mingus ,Tia Juana Moods,0,,,,http://discogs.com//Charlie-Mingus-Tia-Juana-Moods/release/3580666
Charles Mingus ,Town Hall Concert 1964,0,,OJC-042,,http://discogs.com//Charles-Mingus-Town-Hall-Concert/release/2919762
Charlie Byrd ,Byrdland,0,,,,
Charlie Chan ,Original Radio Broadcasts,0,#N/A,#N/A,#N/A,
Charlie Rich ,Very Special Love Songs,0,,KE 32531,,http://discogs.com//Charlie-Rich-Very-Special-Love-Songs/release/3104531
Cher ,Greatest Hits,0,,,,
Chet Atkins ,Class Guitar,0,,,,
Chet Atkins ,Hi Fi in Focus,0,,,,
Chic ,Cest Chic,0,,,,
Chuck Sagle ,Ping Pong Percussion,0,,,,http://discogs.com//Chuck-Sagle-And-His-Orchestra-Ping-Pong-Percussion/release/1688078
Ciccolini ,Piano Music of Erik Satie,0,,,,
Circle Jerks ,Group Sex,0,,,,http://discogs.com//Circle-Jerks-Group-Sex/release/374323
Circle Jerks ,Wonderful,0,,,,http://discogs.com//Circle-Jerks-W%C3%B6nderful/release/2488220
Classica Symphony ,Schubert and Schumann Cello Concertos,0,,,,
Claude Bolling ,Suite for Chamber Orchestra and Jazz Piano Trio,0,,,,https://www.discogs.com/Claude-Bolling-English-Chamber-Orchestra-Jean-Pierre-Rampal-Suite-For-Chamber-Orchestra-And-Jazz-Pia/release/2684664
Colin Davis ,Mozart Nine Overtures,0,,,,https://www.discogs.com//Sir-Colin-DavisRoyal-Philharmonic-Orchestra-Mozart-Nine-Overtures/release/9062909
Collegium Aureum ,Bach The Six Brandenburg Concertos,0,,,,
Columbia Masterworks ,Treasure Island,0,Columbia Masterworks,MM 553,1946,http://discogs.com//Basil-Rathbone-Treasure-Island/release/10923990
Commander Cody and His Lost Planet Airmen ,Live From Deep in the Heart of Texas,0,,,,http://discogs.com//Commander-Cody-And-His-Lost-Planet-Airmen-Live-From-Deep-In-The-Heart-Of-Texas/master/211395
Commander Cody and His Lost Planet Airmen ,Live from Deep in the Heart of Texas cp3,0,,,,
Command Records ,Selections from Cha Cha Piano etc,0,,,,
Command Records ,Selections from Percussion Bongos etc,0,,,,
Commodores ,Natural High,0,,,,
Conglomeration ,Conglomeration,0,Jewel Records,LPS 395,1974,http://discogs.com//Conglomeration-Conglomeration/release/5458746
Country Joe McDonald ,War War War,0,Vanguard,,,http://discogs.com//Country-Joe-McDonald-War-War-War/release/6807786
Crazy Horse ,Crazy Horse,0,Reprise,RS6438,1971,http://discogs.com//Crazy-Horse-Crazy-Horse/release/7519251
Crosby Stills Nash and Young ,4 Way Street,0,,,,http://discogs.com//Crosby-Stills-Nash-Young-4-Way-Street/release/2986985
Dave Pell Octet ,Swingin in the Ol Corral,0,,,,http://discogs.com//Dave-Pell-Octet-Swingin-In-The-Ol-Corral/release/5583768
David Bromberg ,My Own House,0,,,,http://discogs.com//David-Bromberg-My-Own-House/release/2043155
David Byrne ,3 Big Songs,0,,,,http://discogs.com//David-Byrne-3-Big-Songs/release/668880
David Grisman ,Mondo Mando,0,,,,http://discogs.com//David-Grisman-Mondo-Mando/release/5153663
David Grisman ,Quintet 80,0,,,,http://discogs.com//David-Grisman-Quintet-80/release/2741810
Dead Kennedys ,Frankenchrist,0,,VIRUS 45,,http://discogs.com//Dead-Kennedys-Frankenchrist/release/393961
Dead Kennedys ,Fresh Fruit for Rotting Vegetables,0,,B RED 10,,http://discogs.com//Dead-Kennedys-Fresh-Fruit-For-Rotting-Vegetables/release/372568
Dead Kennedys ,Fresh Fruit for Rotting Vegetables Orange,0,,,,http://discogs.com//Dead-Kennedys-Fresh-Fruit-For-Rotting-Vegetables/release/1519148
Dead Kennedys ,In God We Trust Inc 2nd copy,1,,,,http://discogs.com//Dead-Kennedys-In-God-We-Trust-Inc/master/31793
Dead Kennedys ,In God We Trust Inc,0,,,,http://discogs.com//Dead-Kennedys-In-God-We-Trust-Inc/release/4679333
Dean Martin ,Remember Me Im the One Who Loves You,0,,RS 6170,,http://discogs.com//Dean-Martin-Remember-Me-Im-The-One-Who-Loves-You/release/2037704
Dean Martin ,The Best Of,0,,DT 2601,,http://discogs.com//Dean-Martin-The-Best-Of-Dean-Martin/release/5251845
De La Soul ,Me Myself and I,0,Tommy Boy,TB 926,,http://discogs.com//De-La-Soul-Me-Myself-And-I/release/353297
Dick Unteed ,Down Memory Lane,0,,SLP1007,,http://discogs.com//Dick-Unteed-Down-Memory-Lane/release/12443391
Dionne Warwick ,Promises Promises,0,,,,
Dire Straits ,Making Movies,0,,,,
Donald Byrd ,Black Bird,0,,,,http://discogs.com//Donald-Byrd-Black-Byrd/release/8915800
Don Ho ,Greatest Hits,0,,,,
Donovan ,Barabajagal,0,,,,https://www.discogs.com/Donovan-Barabajagal/release/12617014
Donovan ,Cosmic Wheels,0,,,,
Donovan ,Donovan 1977,0,,,,
Donovan ,Donovan,0,,,,
Donovan ,In Concert,0,,,,
Donovan ,Mellow Yellow,0,,,,
Donovan ,Sunshine Superman,0,,,,
Donovan ,The Best Of,0,,,,
Donovan ,The Real Donovan,0,,,,
Donovan ,Wear Your Love Like Heaven,0,,,,
Dorati ,Porgy and Bess,0,,,,
Dudley Moore Trio ,The Dudley Moore Trio,0,,,,
Earl Scruggs ,Dueling Banjos,0,,,,
Ed Begley ,Washington Irving The Legend of Sleepy Hollow,0,,,,
Eddie Baxter ,Organ Blues n Boogie,0,,,,
Eddie Kolchak ,Ya Salaam The New AmerAbic Sound,0,,,,
Eddie Peabody ,Plays,0,,,,
Edmundo Ros ,Dance Again,0,,,,
Edmundo Ros ,The Sound of Music,0,,,,
Ed Podolak and his Polka Cats ,Dziesiec Calowy Ogorek,0,,,,
Ella Fitzgerald ,Best Metro MS500,0,,,,
Ella Fitzgerald ,The Cole Porter Songbook,0,,,,
ELO ,ELOs Greatest Hits,0,,,,
ELO ,Time,0,,,,
Elvin Jones ,Midnight Walk,0,,SD 1485,,http://discogs.com//Elvin-Jones-Midnight-Walk/release/2453388
Elvis Costello ,King of America,0,,,,
Enoch Light ,Guitar Underground,0,,,,
Enoch Light ,Patterns in Sound,0,,,,
Ernie Hecksher ,The Dancing Sounds of San Francisco,0,,,,
Erroll Garner ,Concert by the Sea,0,,,,
Eugene Friesen ,New Friend,0,,,,
Exuma ,Life,0,,,,
Family Lotus ,Rendezvous,0,,,,
Fausto Papetti ,Midnight Blue,0,,,,
Felicja Blumenthal ,Chopin Scherzo no 1 in B Minor Op 20,0,,,,
Frank Sinatra ,Cycles,0,,,,
Frank Sinatra ,In the Beginning 1943 to 1951,0,,,,
Frank Sinatra ,Try a Little Tenderness,0,,,,
Frank Zappa ,Overnight Sensation,0,,,,
Freddie Hubbard ,First Light,0,,,,
Freddie Hubbard ,Straight Life,0,,,,
Fritz Reiner ,Bach Six Brandenburg Concerti Vol 1,0,,,,
Fritz Reiner ,Bach Six Brandenburg Concerti Vol 2,0,,,,
Fritz Reiner ,Bach Six Brandenburg Concerti Vol 3,0,,,,
Funkadelic ,One Nation Under a Groove,0,,,,
Galaxy AllStars ,Live Under the Sky,0,,,,
Generation X ,Generation X,0,,,,
George Benson ,Good King Bad,0,,,,
George Benson n Willis Jackson ,Harlem Underground,0,,,,
George Carlin ,Class Clown,0,,,,
George Jones ,I am What I Am,0,,,,
Guiomar Novaes ,Chopin Mazurkas,0,,,,
Guiomar Novaes ,Mozart Piano Concerto no 20 and no 9,0,,,,
Hal Mooney ,Any Time,0,,,,
Hank Williams Jr,Ive Got a Right to Cry,0,MGM Records,SE-4774,1971,https://www.discogs.com/Hank-Williams-Jr-Ive-Got-A-Right-To-Cry-They-All-Used-To-Belong-To-Me/release/3660528
Hank Williams Jr ,Living Proof,0,,,,
Hank Williams ,The Very Best Of,0,,,,
Hank Wilson ,Hank Wilsons Back vol 1,0,,,,
Harry Chapin ,Sniper and Other Love Songs,0,,,,
Harry Owens ,Voice of the Trade Winds,0,,,,
Heifetz ,Mozart Divertimento in E Flat Major,0,,,,
Heifetz ,Three Great Violin Concertos,0,,,,
Henry Mancini ,Charade,0,,,,
Henry Mancini ,Dreams of You,0,,,,
Henry Mancini ,Everybodys Favorite,0,,,,
Henry Mancini ,Mancini Magic,0,,,,
Henry Mancini ,Mancini Plays Mancini,0,,,,
Henry Mancini ,Mr Lucky Goes Latin,0,,,,
Henry Mancini ,The Second Time Around,0,,,,
Henry Mancini ,The Sounds and Voices,0,,,,
Henry Mancini ,Uniquely Mancini,0,,,,
Honor Moore n Andrienne Rich n Audre Lorde n Joan Larkin ,A Sign I Was Not Alone,0,,,,https://www.discogs.com/Adrienne-Rich-Honor-Moore-Audre-Lorde-And-Joan-Larkin-A-Sign-I-Was-Not-Alone/release/3415355
Hot Bush ,Hot Bush,0,,,,http://discogs.com//Hot-Bush-Hot-Bush/release/1063283
Hot Tuna ,Burgers,0,,,,
Hot Tuna ,Double Dose,0,,,,
Hot Tuna ,Hoppkory,0,,,,
Hot Tuna ,Quah copy 2,1,,,,
Hot Tuna ,Quah,0,,,,
Hot Tuna ,Recorded Live at the New Orleans House Berkeley,0,,,,
Hot Tuna ,The Phosphoresent Rat,0,,,,
Husker Du ,New Day Rising,0,,,,
Iggy and the Stooges ,Raw Power,0,,,,
Isaac Hayes ,Hot Buttered Soul,0,,,,
Isaac Hayes n Dionne Warwick ,A Man and a Woman,0,,,,
Isaac Hayes ,Shaft,0,,,,
Isaac Hayes ,The Best of Isaac Hayes,0,,,,
Itzhak Perlman ,Paganini Concerto no 1,0,,,,
Itzhak Perlman ,Saint Saens and Chausson and Ravel,0,,,,
Itzhak Perlman ,Tchaikovsky Violin Concerto,0,,,,
Janis Joplin ,I Got Dem Ol Kozmic Blues Again Mama,0,,,,
Janis Joplin ,Pearl,0,,,,
Janos Starker ,Bach Suites for Solo Cello,0,,,,
Jean-Jacques Perrey and Harry Breuer ,The Happy Moog,0,,,,
Jefferson Airplane ,The Worst Of,0,,,,
Jellyfish Kiss ,Stormy Weather,0,,,,http://discogs.com//Jellyfish-Kiss-Stormy-Weather/release/964644
Jerry Cole ,A Go Go Guitars,0,,,,
Jerry Jeff Walker ,Cow Jazz,0,,,,
Jerry Lee Lewis ,Original Greatest Hits Picture Disc,0,,,,http://discogs.com//Jerry-Lee-Lewis-Original-Greatest-Hits/release/3332847
Jerry Murads Harmonicats ,Harmonicha Cha Cha,0,,,,
Jerry Reed ,Ready,0,,,,
Jimi Hendrix ,At His Best Vol 3,0,,,,http://discogs.com//Jimi-Hendrix-Jimi-Hendrix-At-His-Best-Volume-3/release/2333119
Jimmy Cliff ,The Harder They Come,0,,MLPS 9202,,http://discogs.com//Jimmy-Cliff-The-Harder-They-Come/release/11750873
Joe Henderson ,Canyon Lady,0,,M-9057,,http://discogs.com//Joe-Henderson-Canyon-Lady/release/1271078
John Coltrane feat Pharoah Sanders ,Live in Seattle,0,,,,http://discogs.com//John-Coltrane-Pharoah-Sanders-John-Coltrane-featuring-Pharoah-Sanders-Live-in-Seattle/release/7538339
John Gielgud and Irene Worth ,Men and Women of Shakespeare,0,,,,
John Lennon ,Imagine,0,,,,
John Lennon,Plastic Ono Band,0,Apple,,,https://www.discogs.com/John-Lennon-Plastic-Ono-Band-John-Lennon-Plastic-Ono-Band/master/72864
John McLaughlin ,Extrapolation,0,,,,
Johnny Cash ,At Folsom Prison,0,,,,
Johnny Cash ,At Folsom Prison and San Quentin,0,,,,
Johnny Cash et al ,Old Time Religion,0,,,,
Johnny Cash ,Greatest Hits Vol 1,0,,,,
Johnny Cash ,His Greatest Hits Vol II,0,,,,
Johnny Cash ,Now There Was a Song,0,,,,http://discogs.com//Johnny-Cash-Now-There-Was-A-Song/release/2539726
Johnny Cash ,Songs of Our Soil,0,,,,
Johnny Cash ,The Walls of a Prison,0,,,,
Jonathan Winters ,The Wonderful World of Jonathan Winters,0,,,,
Jon Hassell ,Earthquake Island,0,,,,
Joni Mitchell ,Blue,0,,,,
Joni Mitchell ,Don Juans Reckless Daughter,0,,,,
Joni Mitchell ,Miles of Aisles,0,,,,
Kate Bush ,The Whole Story,0,,,,
KD Lang ,Shadowland,0,,,,
Keith Jarrett ,In the Light,0,,,,
Keith Jarrett ,Solo Concerts Bremen Lausanne,0,,,,
Keith Jarrett ,The Koln Concert,0,,,,
Kenny Baker and Joe Greene ,High Country,0,,,,http://discogs.com//Kenny-Baker-4-Joe-Greene-High-Country/release/8255513
Kenny Baker ,Grassy Fiddle Blues,0,,,,http://discogs.com//Kenny-Baker-Grassy-Fiddle-Blues/release/2999420
King Sunny Ade ,Aura,0,,90177-1,,http://discogs.com//King-Sunny-Ade-And-His-African-Beats-Aura/release/8884336
Kogan ,Shostakovich Concerto for Violin Op 99,0,,,,
Kool and the Gang ,Ladies Night,0,,,,
Kool and the Gang ,Something Special,0,,,,
Kris Kristofferson ,The Silver Tongued Devil and I,0,,,,
Lalo Schifrin ,Mission Impossible,0,,DLP 25831,,http://discogs.com//Lalo-Schifrin-Music-From-Mission-Impossible/release/5052049
Lalo Schifrin ,Piano Strings and Bossa Nova,0,,E 4110,,http://discogs.com//Lalo-Schifrin-Piano-Strings-And-Bossa-Nova/release/2269726
Lalo Schifrin ,Towering Toccata,0,,,,
Lee Harvey Oswald ,The Presidents Assasin Speaks,0,,,,
Leonard Cohen ,Songs of Leonard Cohen,0,,,,
Leonard Cohen ,Songs of Love and Hate,0,,C30103,,http://discogs.com//Leonard-Cohen-Songs-Of-Love-And-Hate/release/483725
Leonard Nimoy ,The Way I Feel,0,,DLP-25883,,http://discogs.com//Leonard-Nimoy-The-Way-I-Feel/release/6067020
Les Baxter ,The Sounds of Adventure,0,,,,
Les Brown ,Concert Modern,0,,,,
Les Brown ,the cool classics,0,,,,
Les Troubadours Du Roi Baudouin ,Missa Luba,0,,,,
Liberty College ,I Love America,0,,,,
Lillian Fuchs ,Bach Suites for Viola,0,,,,
Lillian Gish ,The Tale of the Shining Princess,0,,,,
Lily Tomlin ,This is a Recording,0,,24-4055,,http://discogs.com//Lily-Tomlin-This-Is-A-Recording/release/641439
Lionel Hampton ,Plays Drums Vibes Piano,0,,,,
Living Shakespeare ,Hamlet,0,,,,
Living Shakespeare ,Macbeth,0,,,,
London Philharmonic ,Dukas Saint-Saens Chabrier,0,,,,
Loudon Wainwright III,Unrequited,0,,,,
Louis Armstrong ,Ambassador Satch,0,,,,
Louis Armstrong ,Hello Dolly,0,,,,
Louis Armstrong ,What a Wonderful World Reissue,0,,,,
Lou Reed ,Coney Island Baby,0,,,,http://discogs.com//Lou-Reed-Coney-Island-Baby/release/2952952
Lou Reed ,I Love You Suzanne 12in,0,,,,http://discogs.com//Lou-Reed-I-Love-You-Suzanne/release/3600311
Lou Reed ,The Bells,0,,,,
Luciano Pavarotti ,The World's Favorite Tenor Arias,0,,,,
Lynrd Skynyrd ,Freebird Picture Disc,0,,,,http://discogs.com//Lynyrd-Skynyrd-Freebird/release/2105407
Mahavishnu Orchestra n John McLauchlin ,Inner Worlds,0,,,,
Mahavishnu Orchestra ,Visions of the Emerald Beyond,0,,,,
Malo ,Dos,0,,,,
Maria Callas ,Sings Great Arias from French Operas,0,,,,
Marianne Moore ,Reading Her Poems n Fables from La Fontaine,0,,,,
Mark Monte and the Continentals ,Dancing at the Habana Hilton,0,,,,
Marlo Thomas and Friends ,Free to Be You and Me,0,,,,
Maurice Evans ,Hamlet Four Excerpts,0,,,,
Meco ,Star Wars and Other Galactic Funk,0,,,,http://discogs.com//Meco-Music-Inspired-By-Star-Wars-And-Other-Galactic-Funk/release/1613111
Merle Haggard ,Its Not Love,0,,,,
Mike Di Napoli ,Music From The Silent Films-Themes Of Action Love Melodrama Comedy,0,,,,
Mike Mainieri Quartet ,Blues on the Other Side,0,Argo,LP-706,,http://discogs.com//The-Mike-Mainieri-Quartet-Blues-On-The-Other-Side/release/3657217
Miles Davis ,Greatest Hits,0,,,,
Millie Jackson ,A Moments Pleasure,0,,SP-1-6722 2391 395,,http://discogs.com//Millie-Jackson-A-Moments-Pleasure/release/1536326
Mongo Santamaria ,Stone Soul,0,,,,
Monteux London Symphony Orchestra ,Dvorak Symphony no 7,0,,,,
Mr T ,Mr Ts Commandment,0,,,,
Musique ,Keep on Jumpin,0,,,,http://discogs.com//Musique-Keep-On-Jumpin/release/125653
Nanci Griffith ,Poet in My Window,0,,,,
Nancy Sinatra ,Boots,0,,Mono R-6202,,http://discogs.com//Nancy-Sinatra-Boots/release/4871124
Nancy Sinatra ,Sugar copy2,1,,,,
Nancy Sinatra ,Sugar,0,,,,
National Opera Orchestra ,Gershwin Rhapsody in Blue,0,,,,
Nations Business Execudisc ,How to Communicate Your Ideas,1,,,,
Neil Young ,After the Gold Rush,0,,,,
Neil Young ,Decade,0,,,,
Neil Young ,Everybody Knows This is Nowhere,0,,,,
Neil Young ,Harvest,0,,,,
Neil Young ,Live Rust,0,,,,
Neil Young ,Neil Young,0,,,,
Netherlands Philharmonic ,Mozart Symphony no 40,0,,,,
Nina Simone ,Sings the Blues,0,,,,
Odetta ,Sings Folk Songs,0,,,,
Oistrakh ,Tartini Devils Trill and Mozart Sonata in B Flat Minor,0,,,,
Oistrakh ,Tartini Devils Trill Sonata in G Minor,0,,,,
Ormandy ,Rachmaninoff Symphonic Dances,0,,,,
Paco de Lucia ,Fuente y Caudal,0,,,,
Pamplemousse ,Le Spank,0,,,,
Patsy Cline ,Greatest Hits,0,,,,
Patsy Cline ,Showcase,0,,,,
Patti Smith Group ,Wave,0,,,,
Patti Smith ,Horses,0,,,,
Paul Simon ,Paul Simon,0,,,,
Period Showcase ,Boccherini Ravel Corelli Prokofieff,0,,,,
Peter Schickele ,The Wurst of PDQ Bach,0,,,,
Philips Modern Music Series ,Crumb Raxach and De Leeuw,0,,,,
Phil Ochs ,All the News thats Fit to Sing,0,,,,http://discogs.com//Phil-Ochs-All-The-News-Thats-Fit-To-Sing/release/3726754
Phil Ochs ,Pleasures of the Harbor,0,,,,
Primitivo Santos ,Super Bailables en NY,0,,,,https://www.discogs.com/Primitivo-Santos-Cantando-Nine-Santos-Willy-Contreras-Carmen-Luisa-Super-Bailables-En-NY/release/6138681
Promusica ,Dvorak Symphony no 9,0,,,,
Quincy Jones ,Gula Matari,0,,,,
Radio Canada International ,The Dream Laboratory,0,,,,
Radiola ,Lets Pretend presents Robin Hood MR1138,0,,,,
Ravi Shankar ,in New York,0,,,,
Ravi Shankar ,The Genius of Ravi Shankar,0,,,,
Ray Charles ,A Portrait of Ray,0,,,,
Ray Charles ,Ingredients in a Recipe for Soul,0,,,,
Raymond Listen ,Licorice Roots Orchestra copy2,1,,,,
Raymond Listen ,Licorice Roots Orchestra,0,,,,
Reiner ,Richard Strauss Two Tone Poems Death and Transfiguration and Till Eulenspiegel,0,,,,
REM ,Lifes Rich Pageant,0,,,,
REM ,Murmur,0,,,,http://discogs.com//REM-Murmur/release/4480150
Return to Forever ,Romantic Warrior,0,,,,
Robert Frost ,Reads the Poems of Robert Frost,0,,,,
Robin Williams ,Reality What a Concept,0,,,,http://discogs.com//Robin-Williams-Reality-What-A-Concept/release/5162141
Rodzinski ,Tchaikovsky Romeo and Juliet,0,,,,
Roy Clark ,I Never Picked Cotton,0,,,,
Rudy Macias ,Pachanga If You Please,0,,,,
Run DMC ,Raising Hell,0,,,,http://discogs.com//Run-DMC-Raising-Hell/release/230209
Sade ,Diamond Life,0,,,,
Sade ,Promise,0,,,,
Saint Paul Chamber Orchestra ,Aaron Copland Appalachian Spring,0,,,,
Sammi Smith ,Help Me Make It Through the Night,0,,,,
Sammy Davis Jr ,A Live Performance of His Greatest Hits,0,,,,
Sammy Davis n Count Basie ,Our Shining Hour,0,,,,
Santana ,Greatest Hits,0,,,,
Sarah Vaughan ,Sings and Other Jazz Stars,0,,,,
Shelly Manne ,234,0,,,,http://discogs.com//Shelly-Manne-2-3-4/release/735373
Simon and Garfunkel ,Bookends,0,,,,
Slammin Watusis ,Slammin Watusis,0,,,,http://discogs.com//Slammin-Watusis-Slammin-Watusis/release/2758195
Sly and the Family Stone ,Fresh,0,,,,
Sly and the Family Stone ,Life,0,,,,
Sonny and Cher ,In Case Youre In Love,0,,,,
Soundtrack,Amadeus,0,,,,https://www.discogs.com/Wolfgang-Amadeus-Mozart-Neville-Marriner-Academy-Of-St-Martin-In-the-Fields-Amadeus-Original-Soundtr/master/72942
Soundtrack ,Ballad of Oklahoma copy2,1,,,,
Soundtrack ,Ballad of Oklahoma,0,,,,
Soundtrack ,Henry Sweet Henry,0,,,,
Soundtrack ,Jesus Christ Superstar,0,,,,
Soundtrack ,Jesus Christ Superstar Orig Broadway Cast,0,,,,
Soundtrack ,Lady and the Tramp PictureDisc,0,,,,https://www.discogs.com/Various-Featuring-Peggy-Lee-Walt-Disneys-Lady-And-The-Tramp-Including-Songs-From-The-Motion-Picture/release/627309
Soundtrack ,Manhattan,0,,,,
Soundtrack ,Medicine Ball Caravan,0,,,,
Soundtrack ,Permanent Record,0,,,,http://discogs.com//Various-Permanent-Record-Music-From-The-Original-Motion-Picture-Soundtrack/release/1772327
Soundtrack ,Repo Man,0,,,,http://discogs.com//Various-Repo-Man-Music-From-The-Original-Motion-Picture-Soundtrack/release/431702
Soundtrack ,Something Wild,0,,,,
Soundtrack ,The Decline of Western Civilization,0,,,,http://discogs.com//Various-The-Decline-Of-Western-Civilization/release/797728
Soundtrack ,The Electric Horseman,0,,,,
Soundtrack ,The King of Comedy,0,,,,
Soundtrack ,The Sound of Music,0,,,,
Spirit ,Twelve Dreams of Dr Sardonicus,0,,,,
Spoken Arts ,Shakespeare Merchant of Venice,0,,,,
Stan Getz ,Captain Marvel,0,,,,
Stan Getz n Charlie Byrd ,Jazz Samba,0,,,,
Stan Getz n Joao Gilberto n Antonio Carlos Jobim ,Getz Gilberto,0,,,,
Stan Getz ,The Best of Two Worlds,0,,,,
Stanley Brothers ,Sweeter Than the Flowers,0,,,,
Stevie Wonder ,Looking Back,0,,,,
Stevie Wonder ,Songs in the Key of Life,0,,,,
Sugarcane Harris ,Sugarcane,0,,,,http://discogs.com//Sugarcane-Harris-Sugarcane/release/2215080
Sutherland Horned Pavarotti ,Bonynge,0,,,,
Sweet ,Give Us a Wink,0,,,,
Syd Barrett ,Barrett,0,,SHSP 4007,,http://discogs.com//Syd-Barrett-Barrett/release/670615
Taj Mahal ,Giant Step,0,,,,
Taj Mahal ,Happy Just to Be Like I Am,0,,,,
Talking Heads ,More Songs about Buildings and Food,0,,,,
Tammy Wynette ,Greatest Hits Volume II,0,,,,
The Allman Brothers Band ,Brothers and Sisters,0,,,,
The Allman Brothers Band ,Eat a Peach,0,,,,
The Band ,Stage Fright,0,,,,
The Beatles ,Abbey Road,0,,,,
The Cannonball Adderley Quintet ,Pyramid,0,,,,
The Carpenters ,Close to You,0,,,,
The Carpenters ,The Carpenters,0,,,,
The Clash ,Black Market Clash,0,,,,http://discogs.com//The-Clash-Black-Market-Clash/release/2803392
The Clash ,Give em Enough Rope,0,,,,http://discogs.com//The-Clash-Give-Em-Enough-Rope/release/7610644
The Clash ,The Clash chinese,0,,,,http://discogs.com//The-Clash-The-Clash/release/3109103
The Clash ,The Clash,0,,,,http://discogs.com//The-Clash-The-Clash/release/4387123
The Cramps ,A Date with Elvis,0,,,,
The Damned ,Damned Damned Damned,0,,,,
The David Grisman Quintet ,F-5,0,,,,
The English Beat ,Special Beat Service,0,,,,
The English Beat ,Whappen,0,,,,
The Flaming Lips ,Hear It Is,0,,,,
The Fugs ,Greatest Vol 1,0,,,,
The Highwaymen ,Highwayman,0,,,,
The Impressions ,The Young Mods Forgotten Story,0,,,,
Thelonious Monk ,Monk,0,,,,
The Mekons ,The Mekons Rock n Roll,0,,,,
The Mills Brothers ,The Mills Brothers in Motion,0,,,,
The Nitty Gritty Dirt Band ,Will the Circle Be Unbroken disc,0,,,,
The Nitty Gritty Dirt Band ,Will the Circle Be Unbroken,0,,,,
The Plastic Ono Band ,Live Peace in Toronto 1969,0,,,,
The Quintet ,VSOP,0,,,,
The Ramones ,Its Alive,0,,,,
The Ramones ,The Ramones,0,,,,
The Ramons ,End of the Century,0,,,,
The Rolling Stones ,Exile on Main Street,0,,,,
The Rolling Stones ,Greatest Hits Vol I abkco,0,,,,
The Rolling Stones ,Through the Past Darkly,0,,,,
The Selecter ,Too Much Pressure,0,,,,
The Sex Pistols ,Never Mind the Bollocks,0,,,,
The Sex Pistols ,Some Product,0,,,,
The Smiths ,Meat is Murder,0,,,,
The Smiths ,The Smiths,0,,,,
The Stills Young Band ,Long May You Run,0,,,,
The Style Council ,My Ever Changing Moods,0,,,,
The Triffids ,Field of Glass,0,,,,
The Waterboys ,A Pagan Place,0,,,,
The Waterboys ,The Waterboys,0,,,,
The Waterboys ,This is the Sea copy2,1,,,,
The Waterboys ,This is the Sea,0,,,,
Third Ear Bands ,Music from Macbeth,0,,,,
Tom Jones ,Fever Zone,0,,,,
Tom Jones ,Greatest Hits,0,,,,
Tom Jones ,Green Green Grass of Home disconly,0,,,,
Tom Lehrer ,The Year that Was,0,,,,
Tom Mulligan ,The Roaring 20s,0,,,,
Tony Bennett ,Tonys Greatest Hits Volume II,0,,,,
Traffic ,Welcome to the Canteen,0,,,,
Up with People ,People are the Energy,0,,,,
Urban Dance Squad ,Deeper Shade of Soul 12in,0,,,,
Vanguard ,The Virtuoso Trumpet,0,,,,
Various ,100 Proof Country,0,,,,
Various ,ADAM VIII Presents Disco Party,0,,,,
Various ,Arista AOR Sampler 1978,0,,,,
Various ,Best of the Big Bands,0,,,,
Various ,Big Bands of the Swinging Years,0,,,,
Various ,Bluegrass Special,0,,,,
Various ,Bongos Flutes Guitars,0,,,,
Various ,Collectus Interruptus,0,,,,
Various ,Cricket and Other Friends,0,,,,
Various ,Dance Craze The Best of British Ska Live,0,,,,
Various ,Dancing in the Streets,0,,,,
Various ,Disco Fire Disc Only,0,,,,
Various ,Discos Top 20,0,,,,
Various ,Early Victorian Poetry Argo,0,,,,
Various ,Fathers and Sons,0,,,,http://discogs.com//Muddy-Waters-Fathers-And-Sons/release/2337525
Various ,Get Off in Chicago,0,,,,https://www.discogs.com/Harvey-Mandel-Get-Off-In-Chicago/release/2459962
Various ,Gothic and Renaissance Dances MHS761,0,,,,
Various ,Heavy Mix,0,,,,
Various ,Ktel 22 Dynamic Hits TE291,0,,,,
Various ,Ktel 25 Polka Greats vol1 NC420,0,,,,
Various ,Ktel Believe in Music TU227,0,,,,
Various ,Ktel Country Express,0,,,,
Various ,Ktel Disco Nights TU2610,0,,,,
Various ,Ktel Dynamic Sound 1974 TU235,0,,,,
Various ,Ktel Dynamite 20 Original Hits TU2360,0,,,,
Various ,Ktel Hit Machine 1976,0,,,,
Various ,Ktel Mindbender TU2440,0,,,,
Various ,Ktel Music Express 20 Original Hits TU2420,0,,,,
Various ,Ktel Power Play 1980 TU2630,0,,,,
Various ,KTel Todays Super Greats TU231,0,,,,
Various ,Maxell Jazz Sampler,0,,,,
Various ,Music and Rhythm A Benefit Double LP for the WOMAD Festival,0,,,,
Various ,Music and Rhythm,0,,,,
Various ,Music and Rhythm various,0,,,,
Various ,Nashville City Limits,0,,,,
Various ,PEACE,0,,,,http://discogs.com//Various-International-PEACE-Benefit-Compilation/release/4233147
Various ,Puccini La Boheme,0,,,,
Various ,Remember How Great,0,,,,
Various ,Rockabilly Classics vol2,0,,,,
Various ,Ronco 20 Star Tracks Vol 1,0,,,,
Various ,Ronco Presents Far Out R1975-915,0,,,,
Various ,Ronco Presents Star Trackin 76,0,,,,
Various ,Singer Presents,0,,,,
Various ,TGnY Wings,0,,,,
Various ,The Best of BOMP,0,,,,
Various ,The Best of BOMP various,0,,,,
Various ,The Capitol Disc Jockey Album October 1968,0,,,,
Various ,The Folksongs of Britain The Child Ballads Vol V,0,,,,
Various ,The Good Times in Country Music,0,,,,
Various ,The New Exotic Sounds,0,,,,
Various ,The Return of the Living Dead Picturedisc,0,,,,https://www.discogs.com/Various-The-Return-Of-The-Living-Dead-Original-Motion-Picture-Soundtrack/release/2577520
Various ,The Sensational 60s,0,,,,
Various ,The Sound of Deep Ellum,0,,,,
Various ,The Streak SA243,0,,,,http://discogs.com//Various-The-Streak/release/3583755
Various ,Warner Bros All Singing All Talking All Rocking,0,,,,
Various ,Warner Bros The Big Ball,0,,,,
Various ,Warner Bros The Days of Wine and Vinyl,0,,,,
Various ,When Men were Men and Sheep were Scared,0,,,,http://discogs.com//Various-When-Men-Were-Men-And-Sheep-Were-Scared/release/1858363
Verso ,Swingin Sound,0,,,,
Violent Femmes ,Hallowed Ground,0,,,,http://discogs.com//Violent-Femmes-Hallowed-Ground/release/1346193
Violent Femmes ,The Blind Leading the Naked,0,,,,
Vox ,Tchaikovsky Paganini Violin Concerto,0,,,,
Warren Kime ,Brass Impact,0,,,,
Warren Zevon ,Bad Luck Streak in Dancing School,0,,,,
Waylon Jennings ,The Ramblin Man,0,,,,
WC Fields ,The Original Voice Tracks from His Greatest Movies,0,,,,
Weather Report ,830,0,,,,
Weather Report ,Black Market,0,,,,
Weather Report ,Heavy Weather,0,,,,
Weather Report ,Procession,0,,,,
Weather Report,Sing the Body Electric,0,,,1972,https://www.discogs.com/Weather-Report-I-Sing-The-Body-Electric/release/341538
Weather Report ,Sweetnighter,0,,,,
Weather Report ,Tale Spinnin,0,,,,
Weather Report ,Weather Report 1971,0,,,,
Weather Report ,Weather Report 1982,0,,,,
Wes Montgomery ,A Day in the Life,0,,,,
Wes Montgomery ,Greatest Hits,0,,,,
Wild Cherry ,Wild Cherry,0,,,,
Willie Nelson ,Always On My Mind,0,,,,
Willie Nelson ,Face of a Fighter,0,,,,
Willie Nelson ,Greatest Hits,0,,,,
Willie Nelson ,Live I Gotta Get Drunk,0,,,,
Willie Nelson ,Red Headed Stranger,0,,,,
Willie Nelson ,Stardust,0,,,,
Wilma Lee and Stoney Cooper ,Sunny Side of the Mountain,0,,,,
Woody Allen ,Standup Comic,0,,,,
Woody Guthrie ,The Legendary Woody Guthrie,0,,,,
Wynton Marsalis ,Hot House Flowers,0,,,,
X ,Aint Love Grand,0,,,,
X ,See How We Are,0,,,,
Zawinul ,Dialects,0,,,,
Zawinul Syndicate ,Black Water,0,,,,
